Workbook

Sheet hydrogen-transport
A1: Database | B1: hydrogen-transport
A3: Activity | B3: transport, hydrogen, gaseous, lorry, unspecified
A4: location | B4: GLO
A5: production amount | B5: 1
A6: reference product | B6: transport, hydrogen, gaseous, lorry, unspecified
A7: unit | B7: ton kilometer
A8: authors | B8: {"data entry": {"name": "Tobias", "email": "tobias.schliess@ier.uni-stuttgart.de"}, "data generator": {"name": "Tobias Schliess", "email": "tobias.schliess@ier.uni-stuttgart.de"}}
A9: comment | B9: LCI for gaseous hydrogen transport for 1 tkm. Storage tank taken from the hydrogen-distribution dataset. Lorry is market average. Boil-off losses are 0.5 % and 0.5 % during compression (Reuß et al. 2019)
A10: Exchanges
A11: name | B11: amount | C11: location | D11: unit | E11: categories | F11: type | G11: reference product | H11: uncertainty type | I11: comment
A12: =B6 -> transport, hydrogen, gaseous, lorry, unspecified | B12: =B5 -> 1 | C12: GLO | D12: ton kilometer | F12: production | G12: transport, hydrogen, gaseous, lorry, unspecified
A13: market for transport, freight, lorry, unspecified | B13: 1 | C13: RER | D13: ton kilometer | F13: technosphere | G13: transport, freight, lorry, diesel, unspecified | I13: this dataset is used as a proxy, so the lorry used uses the propulsion system chosen by the IAM scenario
A14: high pressure hydrogen storage tank | B14: =1*1000/540000 -> 0.0018518519 | C14: GLO | D14: kilogram | F14: technosphere | G14: high pressure hydrogen storage tank | I14: C. Wulf et al. / Journal of Cleaner Production 199 (2018) 431-443
A15: market for hydrogen, gaseous, low pressure | B15: =0.005 -> 0.005 | C15: RER | D15: kilogram | F15: technosphere | G15: hydrogen, gaseous, low pressure | I15: compensation for boil-off losses
A16: Hydrogen | B16: =0.005 -> 0.005 | D16: kilogram | E16: air | F16: biosphere | I16: boil-off losses to the atmosphere
A18: Activity | B18: transport, hydrogen, liquid, lorry, unspecified
A19: location | B19: GLO
A20: production amount | B20: 1
A21: reference product | B21: transport, hydrogen, liquid, lorry, unspecified
A22: unit | B22: ton kilometer
A23: authors | B23: {"data entry": {"name": "Tobias", "email": "tobias.schliess@ier.uni-stuttgart.de"}, "data generator": {"name": "Tobias Schliess", "email": "tobias.schliess@ier.uni-stuttgart.de"}}
A24: comment | B24: LCI for liquid hydrogen transport for 1 tkm. Storage tank taken from the hydrogen-distribution dataset. Lorry is market average. Boil-off losses are 3 % and 1.65 % during liquefaction (Reuß et al. 2019)
A25: Exchanges
A26: name | B26: amount | C26: location | D26: unit | E26: categories | F26: type | G26: reference product | H26: uncertainty type | I26: comment
A27: =B21 -> transport, hydrogen, liquid, lorry, unspecified | B27: =B20 -> 1 | C27: GLO | D27: ton kilometer | F27: production | G27: transport, hydrogen, liquid, lorry, unspecified
A28: market for transport, freight, lorry, unspecified | B28: 1 | C28: RER | D28: ton kilometer | F28: technosphere | G28: transport, freight, lorry, diesel, unspecified | I28: this dataset is used as a proxy, so the lorry used uses the propulsion system chosen by the IAM scenario
A29: high pressure hydrogen storage tank | B29: =1*1000/540000 -> 0.0018518519 | C29: GLO | D29: kilogram | F29: technosphere | G29: high pressure hydrogen storage tank | I29: C. Wulf et al. / Journal of Cleaner Production 199 (2018) 431-443
A30: market for hydrogen, gaseous, low pressure | B30: =0.01625 -> 0.01625 | C30: RER | D30: kilogram | F30: technosphere | G30: hydrogen, gaseous, low pressure | I30: compensation for boil-off losses
A31: Hydrogen | B31: =0.01625 -> 0.01625 | D31: kilogram | E31: air | F31: biosphere | I31: boil-off losses to the atmosphere
A33: Activity | B33: transport, freight, sea, tanker for liquefied ammonia, ammonia and mdo
A34: activity type | B34: ordinary transforming activity
A35: allocation | B35: equal
A36: authors | B36: {"data entry": {"name": "Tobias", "email": "tobias.schliess@ier.uni-stuttgart.de"}, "data generator": {"name": "Tobias Schliess", "email": "tobias.schliess@ier.uni-stuttgart.de"}}
A37: comment | B37: This dataset represents transporting 1 ton of liquid ammonia for 1 km using 95 % ammonia and 5 % marine gas oil (mgo) as fuel in a dual-fuel engine. Boil off gas (0.25% per day) are assumed to be reliquified, raising fuel consumption. The final product is hydrogen, gaseous, low pressure, which the electricity is needed for. Make-up hydrogen for losses is taken from the general market for hydrogen. The tanker chosen here is a 50,000 cbm vessel taken from IMO 2018, as a typical ship that size. The dataset is based on the transport, freight, sea, tanker for liquefied natural gas, heavy fuel oil dataset from ecoinvent v3. Auxiliary processes have therefore not been adapted.
A38: source | B38: ecoinvent 3.12 with additional assumptions - see comment
A39: location | B39: GLO
A40: reference product | B40: transport, freight, sea, tanker for liquefied ammonia, ammonia and mdo
A41: unit | B41: ton kilometer
A42: Exchanges
A43: name | B43: amount | C43: location | D43: unit | E43: categories | F43: type | G43: comment | H43: reference product
A44: =B40 -> transport, freight, sea, tanker for liquefied ammonia, ammonia and mdo | B44: 1 | C44: GLO | D44: ton kilometer | F44: production | H44: =A44 -> transport, freight, sea, tanker for liquefied ammonia, ammonia and mdo
A45: market for ammonia, anhydrous, liquid | B45: =parameters!D5/1000 -> 0.0050619 | C45: RoW | D45: kilogram | F45: technosphere | G45: Used as main fuel for the engine | H45: ammonia, anhydrous, liquid
A46: market for bilge oil | B46: -1.3e-05 | C46: RoW | D46: kilogram | F46: technosphere | G46: Estimate, applying an emission factor of 0.005 kg bilge oil per kg fuel consumed, as in ecoinvent v2 (spielmann et al, 2007). Uncertainty range also from ecoinvent v2. Reference: Spielmann et al (2007) Transport services. ecoinvent Report No. 14. Villigen | H46: bilge oil
A47: market for diesel, low-sulfur | B47: =parameters!D7/1000 -> 0.0001147 | C47: RoW | D47: kilogram | F47: technosphere | G47: used as pilot fuel for the engine | H47: diesel, low-sulfur
A48: market for maintenance, tanker, for liquefied natural gas | B48: 1.0594e-11 | C48: GLO | D48: unit | F48: technosphere | G48: Lifetime tonne-kilometres derived from IMO (2015) | H48: maintenance, tanker, for liquefied natural gas
A49: market for port facilities | B49: 1.37981e-16 | C49: GLO | D49: unit | F49: technosphere | G49: Calculated value. Calculation uses the average days at sea, average dead weight and average speed (per ship type) (all from IMO 2014), port capacity based on Rotterdam (average total throughput 2010-2012) and an assumed port life time of 100 years. | H49: port facilities
A50: market for tanker, for liquefied natural gas | B50: 1.0594e-11 | C50: GLO | D50: unit | F50: technosphere | G50: Lifetime tonne-kilometres derived from IMO (2015) | H50: tanker, for liquefied natural gas
A51: market for urea | B51: =(parameters!D10*parameters!D6/1000)*parameters!D9 -> 1.485048e-05 | C51: RoW | D51: kilogram | F51: technosphere | G51: Urea solution used to treat Nox emissions in emission controlled areas | H51: urea
A52: Ammonia | B52: =((parameters!D15*parameters!D6/1000)*parameters!D9)+((parameters!D16*parameters!D6/1000)*(1-parameters!D9)) -> 4.7617642e-05 | D52: kilogram | E52: air::non-urban air or from high stacks | F52: biosphere | G52: Ammonia slip, see parameters
A53: Carbon dioxide, fossil | B53: =(parameters!D22/1000)*parameters!D8 -> 0.000348768 | D53: kilogram | E53: air::non-urban air or from high stacks | F53: biosphere | G53: from combustion of MDO fraction, source IMO
A54: Carbon monoxide, fossil | B54: =(parameters!D24/1000)*parameters!D8 -> 2.8e-07 | D54: kilogram | E54: air::non-urban air or from high stacks | F54: biosphere | G54: from combustion of MDO fraction, source IMO
A55: Dinitrogen monoxide | B55: =((parameters!D6*parameters!D12/1000)*parameters!D9)+((parameters!D6*parameters!D13/1000)*(1-parameters!D9))+((parameters!D8/1000)*parameters!D23) -> 1.2363931e-05 | D55: kilogram | E55: air::non-urban air or from high stacks | F55: biosphere | G55: emissions from NH3 and MDO combustion, combined shares from shipping time spent within and outside of emission controlled areas
A56: Methane, fossil | B56: =(parameters!D8/1000)*parameters!D25 -> 1.4e-08 | D56: kilogram | E56: air::non-urban air or from high stacks | F56: biosphere | G56: from combustion of MDO fraction
A57: NMVOC, non-methane volatile organic compounds | B57: =parameters!D32*parameters!D8/1000 -> 1.4e-07 | D57: kilogram | E57: air::non-urban air or from high stacks | F57: biosphere | G57: from combustion of MDO fraction
A58: Nitrogen oxides | B58: =((parameters!D6*parameters!D17/1000)*parameters!D9)+((parameters!D6*parameters!D18/1000)*(1-parameters!D9))+((parameters!D8/1000*parameters!D27)*(parameters!D9))+((parameters!D8/1000)*parameters!D28)*(1-parameters!D9) -> 0.00017239901 | D58: kilogram | E58: air::non-urban air or from high stacks | F58: biosphere | G58: emissions from NH3 and MDO combustion, combined shares from shipping time spent within and outside of emission controlled areas
A59: Particulate Matter, < 2.5 um | B59: =parameters!D8*parameters!D30/1000 -> 4.34e-08 | D59: kilogram | E59: air::non-urban air or from high stacks | F59: biosphere | G59: from combustion of MDO fraction
A60: Particulate Matter, > 10 um | B60: =parameters!D31*parameters!D8/1000 -> 4.2e-09 | D60: kilogram | E60: air::non-urban air or from high stacks | F60: biosphere | G60: from combustion of MDO fraction
A61: Sulfur dioxide | B61: =parameters!D8*parameters!D29/1000 -> 1.26e-07 | D61: kilogram | E61: air::non-urban air or from high stacks | F61: biosphere | G61: from combustion of MDO fraction
A63: Activity | B63: transport, freight, sea, tanker for liquefied ammonia, mdo
A64: activity type | B64: ordinary transforming activity
A65: allocation | B65: equal
A66: authors | B66: {"data entry": {"name": "Tobias", "email": "tobias.schliess@ier.uni-stuttgart.de"}, "data generator": {"name": "Tobias Schliess", "email": "tobias.schliess@ier.uni-stuttgart.de"}}
A67: comment | B67: This dataset represents transporting 1 ton of liquid ammonia for 1 km using marine gas oil (mgo) as fuel. Boil off gas (0.25% per day) are assumed to be reliquified, raising fuel consumption. The final product is hydrogen, gaseous, low pressure, which the electricity is needed for. Make-up hydrogen for losses is taken from the general market for hydrogen. The tanker chosen here is a 50,000 cbm vessel taken from IMO 2018, as a typical ship that size. The dataset is based on the transport, freight, sea, tanker for liquefied natural gas, heavy fuel oil dataset from ecoinvent v3. Auxiliary processes have therefore not been adapted.
A68: source | B68: ecoinvent 3.12 with additional assumptions - see comment
A69: location | B69: GLO
A70: reference product | B70: transport, freight, sea, tanker for liquefied ammonia, mdo
A71: unit | B71: ton kilometer
A72: Exchanges
A73: name | B73: amount | C73: location | D73: unit | E73: categories | F73: type | G73: comment | H73: reference product
A74: =B70 -> transport, freight, sea, tanker for liquefied ammonia, mdo | B74: 1 | C74: GLO | D74: ton kilometer | F74: production | H74: =A74 -> transport, freight, sea, tanker for liquefied ammonia, mdo
A75: market for bilge oil | B75: -1.3e-05 | C75: RoW | D75: kilogram | F75: technosphere | G75: Estimate, applying an emission factor of 0.005 kg bilge oil per kg fuel consumed, as in ecoinvent v2 (spielmann et al, 2007). Uncertainty range also from ecoinvent v2. Reference: Spielmann et al (2007) Transport services. ecoinvent Report No. 14. Villigen | H75: bilge oil
A76: market for diesel, low-sulfur | B76: =(parameters!C7+parameters!C5)/1000 -> 0.0023198 | C76: RoW | D76: kilogram | F76: technosphere | G76: used as pilot fuel for the engine, proxy for MDO | H76: diesel, low-sulfur
A77: market for maintenance, tanker, for liquefied natural gas | B77: 1.0594e-11 | C77: GLO | D77: unit | F77: technosphere | G77: Lifetime tonne-kilometres derived from IMO (2015) | H77: maintenance, tanker, for liquefied natural gas
A78: market for port facilities | B78: 1.37981e-16 | C78: GLO | D78: unit | F78: technosphere | G78: Calculated value. Calculation uses the average days at sea, average dead weight and average speed (per ship type) (all from IMO 2014), port capacity based on Rotterdam (average total throughput 2010-2012) and an assumed port life time of 100 years. | H78: port facilities
A79: market for tanker, for liquefied natural gas | B79: 1.0594e-11 | C79: GLO | D79: unit | F79: technosphere | G79: Lifetime tonne-kilometres derived from IMO (2015) | H79: tanker, for liquefied natural gas
A80: market for urea | B80: =(parameters!C10*parameters!C6/1000)*parameters!C9 -> 1.485048e-05 | C80: RoW | D80: kilogram | F80: technosphere | G80: Urea solution used to treat Nox emissions in emission controlled areas | H80: urea
A81: Carbon dioxide, fossil | B81: =(parameters!C22/1000)*(parameters!C8+parameters!C6) -> 0.006875712 | D81: kilogram | E81: air::non-urban air or from high stacks | F81: biosphere | G81: from combustion of MDO fraction, source IMO
A82: Carbon monoxide, fossil | B82: =(parameters!C24/1000)*(parameters!C8+parameters!C6) -> 5.52e-06 | D82: kilogram | E82: air::non-urban air or from high stacks | F82: biosphere | G82: from combustion of MDO fraction, source IMO
A83: Dinitrogen monoxide | B83: =(((parameters!C6+parameters!C8)/1000)*parameters!C23) -> 3.7536e-07 | D83: kilogram | E83: air::non-urban air or from high stacks | F83: biosphere | G83: emissions from NH3 and MDO combustion, combined shares from shipping time spent within and outside of emission controlled areas
A84: Methane, fossil | B84: =((parameters!C6+parameters!C8)/1000)*parameters!C25 -> 2.76e-07 | D84: kilogram | E84: air::non-urban air or from high stacks | F84: biosphere | G84: from combustion of MDO fraction
A85: NMVOC, non-methane volatile organic compounds | B85: =parameters!C32*(parameters!C8+parameters!C6)/1000 -> 2.76e-06 | D85: kilogram | E85: air::non-urban air or from high stacks | F85: biosphere | G85: from combustion of MDO fraction
A86: Nitrogen oxides | B86: =(((parameters!C8+parameters!C6)/1000)*parameters!C27)*(parameters!C9)+(((parameters!C8+parameters!C6)/1000)*parameters!C28)*(1-parameters!C9) -> 0.00036827319 | D86: kilogram | E86: air::non-urban air or from high stacks | F86: biosphere | G86: emissions from NH3 and MDO combustion, combined shares from shipping time spent within and outside of emission controlled areas
A87: Particulate Matter, < 2.5 um | B87: =parameters!C8*parameters!C30/1000 -> 4.34e-08 | D87: kilogram | E87: air::non-urban air or from high stacks | F87: biosphere | G87: from combustion of MDO fraction
A88: Particulate Matter, > 10 um | B88: =parameters!C31*parameters!C8/1000 -> 4.2e-09 | D88: kilogram | E88: air::non-urban air or from high stacks | F88: biosphere | G88: from combustion of MDO fraction
A89: Sulfur dioxide | B89: =parameters!C8*parameters!C29/1000 -> 1.26e-07 | D89: kilogram | E89: air::non-urban air or from high stacks | F89: biosphere | G89: from combustion of MDO fraction
A91: Activity | B91: liquid hydrogen production
A92: comment | B92: Liqeufaction of 1 kg hydrogen for transport in lorry
A93: source | B93: Wei et al. 2025 Supporting Information, Table S21; Data source: Al Ghafri, et al. and Wulf and Zapp., https://doi.org/10.1016/j.resconrec.2025.108671.
A94: authors | B94: {"data entry": {"name": "Tobias", "email": "tobias.schliess@ier.uni-stuttgart.de"}, "data generator": {"name": "Tobias Schliess", "email": "tobias.schliess@ier.uni-stuttgart.de"}}
A95: location | B95: GLO
A96: reference product | B96: liquid hydrogen production
A97: unit | B97: kilogram
A98: Exchanges
A99: name | B99: amount | C99: location | D99: unit | E99: categories | F99: type | G99: reference product | H99: comment | I99: uncertainty type | J99: loc | K99: minimum | L99: maximum
A100: liquid hydrogen production | B100: 1 | C100: GLO | D100: =B97 -> kilogram | F100: production | G100: liquid hydrogen production | H100: Production exchange added to match lci-ships workbook format. Original data in Table S21.
A101: market for hydrogen, gaseous, low pressure | B101: =B104 -> 0.0162 | C101: RER | D101: kilogram | F101: technosphere | G101: hydrogen, gaseous, low pressure | H101: compensation for boil-off losses
A102: hydrogen liquefaction plant construction | B102: 3.43e-09 | C102: GLO | D102: unit | F102: technosphere | G102: hydrogen liquefaction plant construction | H102: Marked with an asterisk in the source table as supplied from own/premise pLCI process.
A103: market group for electricity, low voltage | B103: 10.5 | C103: GLO | D103: kilowatt hour | F103: technosphere | G103: electricity, low voltage
A104: Hydrogen | B104: 0.0162 | D104: kilogram | E104: air::non-urban air or from high stacks | F104: biosphere
A106: Activity | B106: hydrogen liquefaction plant construction
...

Sheet unused activities
A1: skip
A3: market for hydrogen, gaseous, low pressure | B3: 200.74 | C3: GLO | D3: kilogram | F3: technosphere | G3: make up hydrogen to account for losses along the supply chain: PSA recovery rate: 80 %, boil-off during loading and unloading: 0.037 % (source: de Kleijne et al 2024)
A4: market for hydrogen, gaseous, low pressure | B4: 1.0162 | C4: GLO | D4: kilogram | F4: technosphere | G4: market for hydrogen, gaseous, low pressure
A5: market for hydrogen, gaseous, low pressure | B5: 1.0162 | C5: GLO | D5: kilogram | F5: technosphere | G5: market for hydrogen, gaseous, low pressure
A6: market for hydrogen, gaseous, 25-30 bar | B6: 0.176 | C6: GLO | D6: kilogram | F6: technosphere | G6: market for hydrogen, gaseous, 25-30 bar
A7: market group for electricity, low voltage | B7: 0.6 | C7: GLO | D7: kilowatt hour | F7: technosphere | G7: electricity, low voltage | H7: As in ecoinvent dataset for hydrogen compression, from low to medium pressure
A8: market for hydrogen, gaseous, low pressure | B8: 0.35 | C8: RER | D8: kilogram | F8: technosphere | G8: hydrogen, gaseous, low pressure | H8: compensation for losses: Haber-Bosch process, Shipping and cracking (pressure swing adsorption)

Sheet parameters
A1: skip
B2: Fuels | C2: MDO | D2: NH3+MDO | E2: LH2 | F2: uni | G2: source
B3: LHV | C3: 11.861 | D3: 5.167 | F3: kWh/kg | G3: IMO 2018
B4: SEC in ship | C4: 0.02615 | D4: 0.02615 | F4: kWh/tkm input | G4: own calculations
B5: Main fuel input g | C5: 2.2051 | D5: 5.0619 | F5: g/tkm | G5: own calculations
B6: Main fuel input kWh | C6: 0.0262 | D6: 0.0262 | F6: kWh/tkm input | G6: own calculations
B7: Pilot fuel input g | C7: 0.1147 | D7: 0.1147 | F7: g/tkm | G7: own calculations
B8: Pilot fuel input tkm | C8: 0.0014 | D8: 0.0014 | F8: kWh/tkm input | G8: own calculations
B9: Share of days at SECA | C9: =(22/229) -> 0.096069869 | D9: =(22/229) -> 0.096069869 | F9: % | G9: IMO 2018
B10: Urea solution input | C10: 5.9 | D10: 5.9 | F10: g/kWh fuel combusted | G10: Sphera 2024
B11: EF CO2 NH3 | C11: 0 | D11: 0 | F11: g/kWh fuel combusted
B12: EF N2O Tier II NH3 | C12: 0 | D12: 0.2 | F12: g/kWh fuel combusted | G12: Sphera 2024
B13: EF N2O Tier III NH3 | C13: 0 | D13: 0.5 | F13: g/kWh fuel combusted | G13: Sphera 2024
B14: EF CH4 NH3 | C14: 0 | D14: 0 | F14: g/kWh fuel combusted
B15: EF NH3 Tier II NH3 | C15: 0 | D15: 0.1 | F15: g/kWh fuel combusted | G15: Sphera 2024
B16: EF NH3 Tier III NH3 | C16: 0 | D16: 2 | F16: g/kWh fuel combusted | G16: Sphera 2024
B17: EF Nox Tier II NH3 | C17: 0 | D17: 1.7 | F17: g/kWh fuel combusted | G17: Sphera 2024
B18: EF Nox Tier III NH3 | C18: 0 | D18: 6.31 | F18: g/kWh fuel combusted | G18: Sphera 2024
B19: EF Sox NH3 | C19: 0 | D19: 0 | F19: g/kWh fuel combusted
B20: EF PM2.5 NH3 | C20: 0 | D20: 0 | F20: g/kWh fuel combusted
B21: EF NMVOC NH3 | C21: 0 | D21: 0 | F21: g/kWh fuel combusted
B22: EF CO2 MDO | C22: 249.12 | D22: 249.12 | F22: g/kWh fuel combusted | G22: IMO 2018
B23: EF N2O MDO | C23: 0.0136 | D23: 0.0136 | F23: g/kWh fuel combusted | G23: IMO 2018
B24: EF CO MDO | C24: 0.2 | D24: 0.2 | F24: g/kWh fuel combusted | G24: Wei et al 2025
B25: EF CH4 MDO | C25: 0.01 | D25: 0.01 | F25: g/kWh fuel combusted | G25: IMO 2018
B26: EF NH3 MDO | C26: 0 | D26: 0 | F26: g/kWh fuel combusted | G26: Wei et al 2025
B27: EF Nox Tier II MDO | C27: 3.4 | D27: 3.4 | F27: g/kWh fuel combusted | G27: IMO 2018
B28: EF Nox Tier III MDO | C28: 14.4 | D28: 14.4 | F28: g/kWh fuel combusted | G28: IMO 2018
B29: EF Sox MDO | C29: 0.09 | D29: 0.09 | F29: g/kWh fuel combusted | G29: Wei et al 2025
B30: EF PM2.5 MDO | C30: 0.031 | D30: 0.031 | F30: g/kWh fuel combusted | G30: Wei et al 2025
B31: EF PM10 MDO | C31: 0.003 | D31: 0.003 | F31: g/kWh fuel combusted | G31: Wei et al 2025
B32: EF NMVOC MDO | C32: 0.1 | D32: 0.1 | F32: g/kWh fuel combusted | G32: Wei et al 2025
B34: Cargo | C34: NH3 | D34: NH3
